Workbook

Sheet Instrucciones
A1: Planilla de Cantidades (QTO) - Plantilla
A3: Objetivo: registrar las cantidades extraídas del modelo BIM (Revit) y compararlas con el expediente técnico de referencia (RA1).
A5: Cómo usarla
A6: 1. En la hoja 'Parametros' defina los niveles del proyecto y la tolerancia de diferencia aceptable (por defecto 5 %, supuesto editable).
A7: 2. En 'QTO' registre una fila por elemento o grupo de elementos: código WBS, código OmniClass, nivel, rubro y la cantidad que arroja la tabla de planificación (schedule) de Revit.
A8: 3. Escriba la cantidad del expediente técnico de referencia; la hoja calcula diferencia, % y estado (OK / Revisar / Sin referencia).
A9: 4. 'Resumen' totaliza por rubro y nivel (SUMIFS) y compara contra el expediente. Use esos totales en el presupuesto.
A11: Rubros que pide la guía: concreto (columnas, vigas, losas, muros, cimentación), formaleta, acero de refuerzo, mampostería y acabados (pisos, muros, cielos).
A12: Las unidades se asignan solas según el rubro (hoja 'Parametros'). Hasta 200 filas de datos.
A14: Texto azul sobre fondo amarillo = celda que usted debe llenar
A15: Texto negro = fórmula (no la sobrescriba)
A16: Fondo verde = fila de EJEMPLO con datos ilustrativos: bórrela o reemplácela con sus datos

Sheet Parametros
A1: Parámetros
A2: Edite solo las celdas amarillas
A3: Tolerancia de diferencia (%) | B3: 0.05 | C3: Supuesto editable: diferencia máxima aceptada entre modelo y expediente.
D5: Niveles del proyecto | F5: Rubro | G5: Unidad
D6: Cimentación | F6: Concreto | G6: m³
D7: Nivel 1 | F7: Formaleta | G7: m²
D8: Nivel 2 | F8: Acero de refuerzo | G8: kg
D9: Cubierta | F9: Mampostería | G9: m³
F10: Acabados - Pisos | G10: m²
F11: Acabados - Muros | G11: m²
F12: Acabados - Cielos rasos | G12: m²
F13: Otro | G13: und

Sheet QTO
A1: QTO - Cantidades del modelo vs expediente técnico
A2: Una fila por elemento/grupo. Cantidades del modelo = schedules de Revit
A5: Código WBS | B5: Código OmniClass | C5: Nivel | D5: Rubro | E5: Elemento / ID Revit | F5: Familia y tipo | G5: Unidad | H5: Cantidad modelo | I5: Cantidad expediente | J5: Diferencia | K5: % Dif. | L5: Estado | M5: Observaciones
A6: 2.2 | B6: 21-02 10 10 20 | C6: Cimentación | D6: Concreto | E6: Viga de cimentación VC-1 (ID 123456) | F6: Concrete-Rectangular Beam: 30x40 | G6: =IFERROR(INDEX(Parametros!$G$6:$G$13,MATCH(D6,Parametros!$F$6:$F$13,0)),"") -> m³ | H6: 12.4 | I6: 12 | J6: =IF(OR(H6="",I6=""),"",H6-I6) -> 0.4 | K6: =IF(OR(J6="",I6=0),"",J6/I6) -> 0.033333333 | L6: =IF(H6="","",IF(I6="","Sin referencia",IF(ABS(K6)<=Parametros!$B$3,"OK","Revisar"))) -> OK | M6: EJEMPLO - borrar o reemplazar
G7: =IFERROR(INDEX(Parametros!$G$6:$G$13,MATCH(D7,Parametros!$F$6:$F$13,0)),"") | J7: =IF(OR(H7="",I7=""),"",H7-I7) | K7: =IF(OR(J7="",I7=0),"",J7/I7) | L7: =IF(H7="","",IF(I7="","Sin referencia",IF(ABS(K7)<=Parametros!$B$3,"OK","Revisar")))
G8: =IFERROR(INDEX(Parametros!$G$6:$G$13,MATCH(D8,Parametros!$F$6:$F$13,0)),"") | J8: =IF(OR(H8="",I8=""),"",H8-I8) | K8: =IF(OR(J8="",I8=0),"",J8/I8) | L8: =IF(H8="","",IF(I8="","Sin referencia",IF(ABS(K8)<=Parametros!$B$3,"OK","Revisar")))
G9: =IFERROR(INDEX(Parametros!$G$6:$G$13,MATCH(D9,Parametros!$F$6:$F$13,0)),"") | J9: =IF(OR(H9="",I9=""),"",H9-I9) | K9: =IF(OR(J9="",I9=0),"",J9/I9) | L9: =IF(H9="","",IF(I9="","Sin referencia",IF(ABS(K9)<=Parametros!$B$3,"OK","Revisar")))
G10: =IFERROR(INDEX(Parametros!$G$6:$G$13,MATCH(D10,Parametros!$F$6:$F$13,0)),"") | J10: =IF(OR(H10="",I10=""),"",H10-I10) | K10: =IF(OR(J10="",I10=0),"",J10/I10) | L10: =IF(H10="","",IF(I10="","Sin referencia",IF(ABS(K10)<=Parametros!$B$3,"OK","Revisar")))
G11: =IFERROR(INDEX(Parametros!$G$6:$G$13,MATCH(D11,Parametros!$F$6:$F$13,0)),"") | J11: =IF(OR(H11="",I11=""),"",H11-I11) | K11: =IF(OR(J11="",I11=0),"",J11/I11) | L11: =IF(H11="","",IF(I11="","Sin referencia",IF(ABS(K11)<=Parametros!$B$3,"OK","Revisar")))
G12: =IFERROR(INDEX(Parametros!$G$6:$G$13,MATCH(D12,Parametros!$F$6:$F$13,0)),"") | J12: =IF(OR(H12="",I12=""),"",H12-I12) | K12: =IF(OR(J12="",I12=0),"",J12/I12) | L12: =IF(H12="","",IF(I12="","Sin referencia",IF(ABS(K12)<=Parametros!$B$3,"OK","Revisar")))
G13: =IFERROR(INDEX(Parametros!$G$6:$G$13,MATCH(D13,Parametros!$F$6:$F$13,0)),"") | J13: =IF(OR(H13="",I13=""),"",H13-I13) | K13: =IF(OR(J13="",I13=0),"",J13/I13) | L13: =IF(H13="","",IF(I13="","Sin referencia",IF(ABS(K13)<=Parametros!$B$3,"OK","Revisar")))
G14: =IFERROR(INDEX(Parametros!$G$6:$G$13,MATCH(D14,Parametros!$F$6:$F$13,0)),"") | J14: =IF(OR(H14="",I14=""),"",H14-I14) | K14: =IF(OR(J14="",I14=0),"",J14/I14) | L14: =IF(H14="","",IF(I14="","Sin referencia",IF(ABS(K14)<=Parametros!$B$3,"OK","Revisar")))
G15: =IFERROR(INDEX(Parametros!$G$6:$G$13,MATCH(D15,Parametros!$F$6:$F$13,0)),"") | J15: =IF(OR(H15="",I15=""),"",H15-I15) | K15: =IF(OR(J15="",I15=0),"",J15/I15) | L15: =IF(H15="","",IF(I15="","Sin referencia",IF(ABS(K15)<=Parametros!$B$3,"OK","Revisar")))
G16: =IFERROR(INDEX(Parametros!$G$6:$G$13,MATCH(D16,Parametros!$F$6:$F$13,0)),"") | J16: =IF(OR(H16="",I16=""),"",H16-I16) | K16: =IF(OR(J16="",I16=0),"",J16/I16) | L16: =IF(H16="","",IF(I16="","Sin referencia",IF(ABS(K16)<=Parametros!$B$3,"OK","Revisar")))
G17: =IFERROR(INDEX(Parametros!$G$6:$G$13,MATCH(D17,Parametros!$F$6:$F$13,0)),"") | J17: =IF(OR(H17="",I17=""),"",H17-I17) | K17: =IF(OR(J17="",I17=0),"",J17/I17) | L17: =IF(H17="","",IF(I17="","Sin referencia",IF(ABS(K17)<=Parametros!$B$3,"OK","Revisar")))
G18: =IFERROR(INDEX(Parametros!$G$6:$G$13,MATCH(D18,Parametros!$F$6:$F$13,0)),"") | J18: =IF(OR(H18="",I18=""),"",H18-I18) | K18: =IF(OR(J18="",I18=0),"",J18/I18) | L18: =IF(H18="","",IF(I18="","Sin referencia",IF(ABS(K18)<=Parametros!$B$3,"OK","Revisar")))
... G205: =IFERROR(INDEX(Parametros!$G$6:$G$13,MATCH(D205,Parametros!$F$6:$F$13,0)),"") | J205: =IF(OR(H205="",I205=""),"",H205-I205) | K205: =IF(OR(J205="",I205=0),"",J205/I205) | L205: =IF(H205="","",IF(I205="","Sin referencia",IF(ABS(K205)<=Parametros!$B$3,"OK","Revisar")))

Sheet Resumen
A1: Resumen por rubro y nivel
A2: Cantidades del modelo (SUMIFS sobre la hoja QTO)
A5: Rubro | B5: Unidad | C5: =IF(Parametros!$D$6="","",Parametros!$D$6) -> Cimentación | D5: =IF(Parametros!$D$7="","",Parametros!$D$7) -> Nivel 1 | E5: =IF(Parametros!$D$8="","",Parametros!$D$8) -> Nivel 2 | F5: =IF(Parametros!$D$9="","",Parametros!$D$9) -> Cubierta | G5: =IF(Parametros!$D$10="","",Parametros!$D$10) | H5: =IF(Parametros!$D$11="","",Parametros!$D$11) | I5: Total modelo | J5: Total expediente | K5: Diferencia | L5: % Dif.
A6: =Parametros!F6 -> Concreto | B6: =Parametros!G6 -> m³ | C6: =IF(C$5="","",SUMIFS(QTO!$H$6:$H$205,QTO!$D$6:$D$205,$A6,QTO!$C$6:$C$205,C$5)) -> 12.4 | D6: =IF(D$5="","",SUMIFS(QTO!$H$6:$H$205,QTO!$D$6:$D$205,$A6,QTO!$C$6:$C$205,D$5)) -> 0 | E6: =IF(E$5="","",SUMIFS(QTO!$H$6:$H$205,QTO!$D$6:$D$205,$A6,QTO!$C$6:$C$205,E$5)) -> 0 | F6: =IF(F$5="","",SUMIFS(QTO!$H$6:$H$205,QTO!$D$6:$D$205,$A6,QTO!$C$6:$C$205,F$5)) -> 0 | G6: =IF(G$5="","",SUMIFS(QTO!$H$6:$H$205,QTO!$D$6:$D$205,$A6,QTO!$C$6:$C$205,G$5)) | H6: =IF(H$5="","",SUMIFS(QTO!$H$6:$H$205,QTO!$D$6:$D$205,$A6,QTO!$C$6:$C$205,H$5)) | I6: =SUMIFS(QTO!$H$6:$H$205,QTO!$D$6:$D$205,$A6) -> 12.4 | J6: =SUMIFS(QTO!$I$6:$I$205,QTO!$D$6:$D$205,$A6) -> 12 | K6: =I6-J6 -> 0.4 | L6: =IF(J6=0,"",K6/J6) -> 0.033333333
A7: =Parametros!F7 -> Formaleta | B7: =Parametros!G7 -> m² | C7: =IF(C$5="","",SUMIFS(QTO!$H$6:$H$205,QTO!$D$6:$D$205,$A7,QTO!$C$6:$C$205,C$5)) -> 0 | D7: =IF(D$5="","",SUMIFS(QTO!$H$6:$H$205,QTO!$D$6:$D$205,$A7,QTO!$C$6:$C$205,D$5)) -> 0 | E7: =IF(E$5="","",SUMIFS(QTO!$H$6:$H$205,QTO!$D$6:$D$205,$A7,QTO!$C$6:$C$205,E$5)) -> 0 | F7: =IF(F$5="","",SUMIFS(QTO!$H$6:$H$205,QTO!$D$6:$D$205,$A7,QTO!$C$6:$C$205,F$5)) -> 0 | G7: =IF(G$5="","",SUMIFS(QTO!$H$6:$H$205,QTO!$D$6:$D$205,$A7,QTO!$C$6:$C$205,G$5)) | H7: =IF(H$5="","",SUMIFS(QTO!$H$6:$H$205,QTO!$D$6:$D$205,$A7,QTO!$C$6:$C$205,H$5)) | I7: =SUMIFS(QTO!$H$6:$H$205,QTO!$D$6:$D$205,$A7) -> 0 | J7: =SUMIFS(QTO!$I$6:$I$205,QTO!$D$6:$D$205,$A7) -> 0 | K7: =I7-J7 -> 0 | L7: =IF(J7=0,"",K7/J7)
A8: =Parametros!F8 -> Acero de refuerzo | B8: =Parametros!G8 -> kg | C8: =IF(C$5="","",SUMIFS(QTO!$H$6:$H$205,QTO!$D$6:$D$205,$A8,QTO!$C$6:$C$205,C$5)) -> 0 | D8: =IF(D$5="","",SUMIFS(QTO!$H$6:$H$205,QTO!$D$6:$D$205,$A8,QTO!$C$6:$C$205,D$5)) -> 0 | E8: =IF(E$5="","",SUMIFS(QTO!$H$6:$H$205,QTO!$D$6:$D$205,$A8,QTO!$C$6:$C$205,E$5)) -> 0 | F8: =IF(F$5="","",SUMIFS(QTO!$H$6:$H$205,QTO!$D$6:$D$205,$A8,QTO!$C$6:$C$205,F$5)) -> 0 | G8: =IF(G$5="","",SUMIFS(QTO!$H$6:$H$205,QTO!$D$6:$D$205,$A8,QTO!$C$6:$C$205,G$5)) | H8: =IF(H$5="","",SUMIFS(QTO!$H$6:$H$205,QTO!$D$6:$D$205,$A8,QTO!$C$6:$C$205,H$5)) | I8: =SUMIFS(QTO!$H$6:$H$205,QTO!$D$6:$D$205,$A8) -> 0 | J8: =SUMIFS(QTO!$I$6:$I$205,QTO!$D$6:$D$205,$A8) -> 0 | K8: =I8-J8 -> 0 | L8: =IF(J8=0,"",K8/J8)
A9: =Parametros!F9 -> Mampostería | B9: =Parametros!G9 -> m³ | C9: =IF(C$5="","",SUMIFS(QTO!$H$6:$H$205,QTO!$D$6:$D$205,$A9,QTO!$C$6:$C$205,C$5)) -> 0 | D9: =IF(D$5="","",SUMIFS(QTO!$H$6:$H$205,QTO!$D$6:$D$205,$A9,QTO!$C$6:$C$205,D$5)) -> 0 | E9: =IF(E$5="","",SUMIFS(QTO!$H$6:$H$205,QTO!$D$6:$D$205,$A9,QTO!$C$6:$C$205,E$5)) -> 0 | F9: =IF(F$5="","",SUMIFS(QTO!$H$6:$H$205,QTO!$D$6:$D$205,$A9,QTO!$C$6:$C$205,F$5)) -> 0 | G9: =IF(G$5="","",SUMIFS(QTO!$H$6:$H$205,QTO!$D$6:$D$205,$A9,QTO!$C$6:$C$205,G$5)) | H9: =IF(H$5="","",SUMIFS(QTO!$H$6:$H$205,QTO!$D$6:$D$205,$A9,QTO!$C$6:$C$205,H$5)) | I9: =SUMIFS(QTO!$H$6:$H$205,QTO!$D$6:$D$205,$A9) -> 0 | J9: =SUMIFS(QTO!$I$6:$I$205,QTO!$D$6:$D$205,$A9) -> 0 | K9: =I9-J9 -> 0 | L9: =IF(J9=0,"",K9/J9)
A10: =Parametros!F10 -> Acabados - Pisos | B10: =Parametros!G10 -> m² | C10: =IF(C$5="","",SUMIFS(QTO!$H$6:$H$205,QTO!$D$6:$D$205,$A10,QTO!$C$6:$C$205,C$5)) -> 0 | D10: =IF(D$5="","",SUMIFS(QTO!$H$6:$H$205,QTO!$D$6:$D$205,$A10,QTO!$C$6:$C$205,D$5)) -> 0 | E10: =IF(E$5="","",SUMIFS(QTO!$H$6:$H$205,QTO!$D$6:$D$205,$A10,QTO!$C$6:$C$205,E$5)) -> 0 | F10: =IF(F$5="","",SUMIFS(QTO!$H$6:$H$205,QTO!$D$6:$D$205,$A10,QTO!$C$6:$C$205,F$5)) -> 0 | G10: =IF(G$5="","",SUMIFS(QTO!$H$6:$H$205,QTO!$D$6:$D$205,$A10,QTO!$C$6:$C$205,G$5)) | H10: =IF(H$5="","",SUMIFS(QTO!$H$6:$H$205,QTO!$D$6:$D$205,$A10,QTO!$C$6:$C$205,H$5)) | I10: =SUMIFS(QTO!$H$6:$H$205,QTO!$D$6:$D$205,$A10) -> 0 | J10: =SUMIFS(QTO!$I$6:$I$205,QTO!$D$6:$D$205,$A10) -> 0 | K10: =I10-J10 -> 0 | L10: =IF(J10=0,"",K10/J10)
A11: =Parametros!F11 -> Acabados - Muros | B11: =Parametros!G11 -> m² | C11: =IF(C$5="","",SUMIFS(QTO!$H$6:$H$205,QTO!$D$6:$D$205,$A11,QTO!$C$6:$C$205,C$5)) -> 0 | D11: =IF(D$5="","",SUMIFS(QTO!$H$6:$H$205,QTO!$D$6:$D$205,$A11,QTO!$C$6:$C$205,D$5)) -> 0 | E11: =IF(E$5="","",SUMIFS(QTO!$H$6:$H$205,QTO!$D$6:$D$205,$A11,QTO!$C$6:$C$205,E$5)) -> 0 | F11: =IF(F$5="","",SUMIFS(QTO!$H$6:$H$205,QTO!$D$6:$D$205,$A11,QTO!$C$6:$C$205,F$5)) -> 0 | G11: =IF(G$5="","",SUMIFS(QTO!$H$6:$H$205,QTO!$D$6:$D$205,$A11,QTO!$C$6:$C$205,G$5)) | H11: =IF(H$5="","",SUMIFS(QTO!$H$6:$H$205,QTO!$D$6:$D$205,$A11,QTO!$C$6:$C$205,H$5)) | I11: =SUMIFS(QTO!$H$6:$H$205,QTO!$D$6:$D$205,$A11) -> 0 | J11: =SUMIFS(QTO!$I$6:$I$205,QTO!$D$6:$D$205,$A11) -> 0 | K11: =I11-J11 -> 0 | L11: =IF(J11=0,"",K11/J11)
A12: =Parametros!F12 -> Acabados - Cielos rasos | B12: =Parametros!G12 -> m² | C12: =IF(C$5="","",SUMIFS(QTO!$H$6:$H$205,QTO!$D$6:$D$205,$A12,QTO!$C$6:$C$205,C$5)) -> 0 | D12: =IF(D$5="","",SUMIFS(QTO!$H$6:$H$205,QTO!$D$6:$D$205,$A12,QTO!$C$6:$C$205,D$5)) -> 0 | E12: =IF(E$5="","",SUMIFS(QTO!$H$6:$H$205,QTO!$D$6:$D$205,$A12,QTO!$C$6:$C$205,E$5)) -> 0 | F12: =IF(F$5="","",SUMIFS(QTO!$H$6:$H$205,QTO!$D$6:$D$205,$A12,QTO!$C$6:$C$205,F$5)) -> 0 | G12: =IF(G$5="","",SUMIFS(QTO!$H$6:$H$205,QTO!$D$6:$D$205,$A12,QTO!$C$6:$C$205,G$5)) | H12: =IF(H$5="","",SUMIFS(QTO!$H$6:$H$205,QTO!$D$6:$D$205,$A12,QTO!$C$6:$C$205,H$5)) | I12: =SUMIFS(QTO!$H$6:$H$205,QTO!$D$6:$D$205,$A12) -> 0 | J12: =SUMIFS(QTO!$I$6:$I$205,QTO!$D$6:$D$205,$A12) -> 0 | K12: =I12-J12 -> 0 | L12: =IF(J12=0,"",K12/J12)
A13: =Parametros!F13 -> Otro | B13: =Parametros!G13 -> und | C13: =IF(C$5="","",SUMIFS(QTO!$H$6:$H$205,QTO!$D$6:$D$205,$A13,QTO!$C$6:$C$205,C$5)) -> 0 | D13: =IF(D$5="","",SUMIFS(QTO!$H$6:$H$205,QTO!$D$6:$D$205,$A13,QTO!$C$6:$C$205,D$5)) -> 0 | E13: =IF(E$5="","",SUMIFS(QTO!$H$6:$H$205,QTO!$D$6:$D$205,$A13,QTO!$C$6:$C$205,E$5)) -> 0 | F13: =IF(F$5="","",SUMIFS(QTO!$H$6:$H$205,QTO!$D$6:$D$205,$A13,QTO!$C$6:$C$205,F$5)) -> 0 | G13: =IF(G$5="","",SUMIFS(QTO!$H$6:$H$205,QTO!$D$6:$D$205,$A13,QTO!$C$6:$C$205,G$5)) | H13: =IF(H$5="","",SUMIFS(QTO!$H$6:$H$205,QTO!$D$6:$D$205,$A13,QTO!$C$6:$C$205,H$5)) | I13: =SUMIFS(QTO!$H$6:$H$205,QTO!$D$6:$D$205,$A13) -> 0 | J13: =SUMIFS(QTO!$I$6:$I$205,QTO!$D$6:$D$205,$A13) -> 0 | K13: =I13-J13 -> 0 | L13: =IF(J13=0,"",K13/J13)
